CODE|CLIENTTYPE|CLIENTPLATFORM|NOTREAL|LASTMODIFICATIONDATE
1|casino|download|0|2025-08-25 06:03:44
2|poker|download|0|2025-08-25 06:03:44
3|bingo|download|0|2025-08-25 06:03:44
4|casino|flash|0|2025-08-25 06:03:44
5|poker|flash|0|2025-08-25 06:03:44
6|bingo|flash|0|2025-08-25 06:03:44
7|casino|mobile|0|2025-08-25 06:03:44
8|poker|mobile|0|2025-08-25 06:03:44
9|bingo|mobile|0|2025-08-25 06:03:44
14|sportsbook|web|0|2025-08-25 06:03:44
16|casino|ivr|0|2025-08-25 06:03:44
17|sportsbook|flash|0|2025-08-25 06:03:44
18|games|web|0|2025-08-25 06:03:44
19|sportsbook|mobile|0|2025-08-25 06:03:44
20|casino|web|0|2025-08-25 06:03:44
23|system|system|0|2025-08-25 06:03:44
24|sportsbook|download|0|2025-08-25 06:03:44
27|portal|web|0|2025-08-25 06:03:44
28|sportsbook|telebet|0|2025-08-25 06:03:44
29|poker|web|0|2025-08-25 06:03:44
30|admin|admin|0|2025-08-25 06:03:44
31|portal|mobile|0|2025-08-25 06:03:44
32|bingo|admin|1|2025-08-25 06:03:44
33|bingo|web|0|2025-08-25 06:03:44
34|casino|admin|1|2025-08-25 06:03:44
35|poker|admin|1|2025-08-25 06:03:44
36|sportsbook|admin|1|2025-08-25 06:03:44
37|games|admin|1|2025-08-25 06:03:44
38|retail|retailterminal|0|2025-08-25 06:03:44
39|casino|telebet|1|2025-08-25 06:03:44
40|bingo|telebet|1|2025-08-25 06:03:44
41|bingo|ivr|1|2025-08-25 06:03:44
42|poker|telebet|1|2025-08-25 06:03:44
43|poker|ivr|1|2025-08-25 06:03:44
44|sportsbook|ivr|1|2025-08-25 06:03:44
45|games|flash|1|2025-08-25 06:03:44
46|games|mobile|1|2025-08-25 06:03:44
47|games|download|1|2025-08-25 06:03:44
48|games|ivr|1|2025-08-25 06:03:44
49|games|telebet|1|2025-08-25 06:03:44
50|retail|retailotc|0|2025-08-25 06:03:44
